resourceType,resourceTitle,resourceFilePrefix,resourceLanguageCode
comics,One on one time,1,en
comics,Keeping it positive teens,2,en
comics,Keeping it positive kids,3,en
comics,Communicating to your baby,4,en
comics,Playing with your baby,5,en
comics,Creating a daily routine,6,en
comics,Redirect,7,en
comics,Consequences,8,en
comics,Managing stress,9,en
comics,Talking about Covid,10,en
comics,Following childs lead,11,en
comics,Giving your teen attention,12,en
comics,Acknowledging difficult emotions,13,en
comics,Making a tech agreement with your teen,14,en
comics,Positive instructions,15,en
comics,Learning about Covid-19 hygiene,16,en
comics,Disclosure of difficult things,17,en
slowdownvideo,Animated,https://www.youtube.com/embed/j1ShU5pwpaQ?list=PLURnZih-6HI5nB2Co8QdZe1c1sRpxLuqi,en
slowdownvideo,Cover by Baptiste Louedec (France),https://www.youtube.com/embed/4i8r5k-JtdM?list=PLURnZih-6HI5nB2Co8QdZe1c1sRpxLuqi,en
slowdownvideo,Cover by Josh. Salem and Orion Mtima (Zimbabwe),https://www.youtube.com/embed/hmOYjM4NxJo?list=PLURnZih-6HI5nB2Co8QdZe1c1sRpxLuqi,en
slowdownvideo,Cover by Thrice Anointed (Guyana),https://www.youtube.com/embed/9FsCbRuQg28?list=PLURnZih-6HI5nB2Co8QdZe1c1sRpxLuqi,en
slowdownvideo,Cover by Praise Ebenezer (Kenya),https://www.youtube.com/embed/1uFmWjZ2M1c?list=PLURnZih-6HI5nB2Co8QdZe1c1sRpxLuqi,en
slowdownvideo,Send us your cover!,https://www.youtube.com/embed/07OXAtrL9PM?list=PLURnZih-6HI5nB2Co8QdZe1c1sRpxLuqi,en
slowdownvideo,Karaoke (instrumental),https://www.youtube.com/embed/wul92VyMZKs?list=PLURnZih-6HI5nB2Co8QdZe1c1sRpxLuqi,en
slowdownvideo,Karaoke (with vocals),https://www.youtube.com/embed/etA4WAEIkzc?list=PLURnZih-6HI5nB2Co8QdZe1c1sRpxLuqi,en
slowdownvideo,Instrumental,https://www.youtube.com/embed/1GC3x5vfOSg?list=PLURnZih-6HI5nB2Co8QdZe1c1sRpxLuqi,en
caseworkers,Tips for case workers,caseworkers_English,en
caseworkers,Tips for case workers,caseworker_Chinese,zh
caseworkers,Tips for case workers,caseworkers_French,fr
caseworkers,Tips for case workers,caseworkers_Bisaya,ceb
caseworkers,Tips for case workers,caseworkers_Bikol,bcl
caseworkers,Tips for case workers,caseworkers_Ilokano,ilo
caseworkers,Tips for case workers,caseworkers_Portuguese,pt
caseworkers,Tips for case workers,caseworkers_Russian,ru
caseworkers,Tips for case workers,caseworkers_Spanish,es
caseworkers,Tips for case workers,caseworkers_Turkish,tr
psa,Public Service announcements,PSA-Bikol,bcl
psa,Public Service announcements,PSA-Chinese,zh
psa,Public Service announcements,PSA-English,en
psa,Public Service announcements,PSA-French,fr
psa,Public Service announcements,PSA-Malay,ml
psa,Public Service announcements,PSA-Portuguese,pt
psa,Public Service announcements,PSA-Russian,ru
psa,Public Service announcements,PSA-Spanish,es
psa,Public Service announcements,PSA-Turkish,tr
psa,Top 6 Parenting Tips,Top-6-Tips-Albanian,al
psa,Top 6 Parenting Tips,Top-6-Tips-Arabic,ar
psa,Top 6 Parenting Tips,Top-6-Tips-English,en
psa,Top 6 Parenting Tips,Top-6-Tips-Montenegrin,cnr
psa,Top 6 Parenting Tips,Top-6-Tips-Romani,rom
psa,Top 6 Parenting Tips,Top-6-Tips-Russian,ru
psahowto,How to use public service announcements,How-to-PSA-Bikol,bcl
psahowto,How to use public service announcements,How-to-PSA-Bisaya,ceb
psahowto,How to use public service announcements,How-to-PSA-Chinese,zh
psahowto,How to use public service announcements,How-to-PSA-English,en
psahowto,How to use public service announcements,How-to-PSA-French,fr
psahowto,How to use public service announcements,How-to-PSA-Ilokano,ilo
psahowto,How to use public service announcements,How-to-PSA-Malay,ml
psahowto,How to use public service announcements,How-to-PSA-Portuguese,pt
psahowto,How to use public service announcements,How-to-PSA-Russian,ru
psahowto,How to use public service announcements,How-to-PSA-Spanish,es
psahowto,How to use public service announcements,How-to-PSA-Turkish,tr
faithbased,Church leaders pack,church_leader_pack,en
mergedtipsheet,Merged tip sheet,merged_1,en
mergedtipsheet,Merged tip sheet,merged_1,af
mergedtipsheet,Merged tip sheet,merged_1,al
mergedtipsheet,Merged tip sheet,merged_1,es
mergedtipsheet,Merged tip sheet,merged_1,et
mergedtipsheet,Merged tip sheet,merged_1,fr
mergedtipsheet,Merged tip sheet,merged_1,gu
mergedtipsheet,Merged tip sheet,merged_1,hu
mergedtipsheet,Merged tip sheet,merged_1,id
mergedtipsheet,Merged tip sheet,merged_1,jp
mergedtipsheet,Merged tip sheet,merged_1,ka
mergedtipsheet,Merged tip sheet,merged_1,kk
mergedtipsheet,Merged tip sheet,merged_1,ku
mergedtipsheet,Merged tip sheet,merged_1,lg
mergedtipsheet,Merged tip sheet,merged_1,lo
mergedtipsheet,Merged tip sheet,merged_1,mk
mergedtipsheet,Merged tip sheet,merged_1,ml
mergedtipsheet,Merged tip sheet,merged_1,ms
mergedtipsheet,Merged tip sheet,merged_1,nb
mergedtipsheet,Merged tip sheet,merged_1,pt
mergedtipsheet,Merged tip sheet,merged_1,rw
mergedtipsheet,Merged tip sheet,merged_1,sl
mergedtipsheet,Merged tip sheet,merged_1,sn
mergedtipsheet,Merged tip sheet,merged_1,sr
mergedtipsheet,Merged tip sheet,merged_1,sw-tz
mergedtipsheet,Merged tip sheet,merged_1,uk
mergedtipsheet,Merged tip sheet,merged_1,uz
mergedtipsheet,Merged tip sheet,merged_1,vi
mergedtipsheet,Merged tip sheet,merged_1,xh
mergedtipsheet,Merged tip sheet,merged_1,pt-mz
mergedtipsheet,Merged tip sheet,merged_1,kdj
mergedtipsheet,Merged tip sheet,merged_1,jmn
mergedtipsheet,Merged tip sheet,merged_1,kac
mergedtipsheet,Merged tip sheet,merged_1,hil
mergedtipsheet,Merged tip sheet,merged_1,az
mergedtipsheet,Merged tip sheet,merged_1,sw-tz
mergedtipsheet,Merged tip sheet,merged_1,it
mergedtipsheet,Merged tip sheet,merged_1,es
mergedtipsheet,Merged tip sheet,merged_1,tsn
mergedtipsheet,Merged tip sheet,merged_1,yo
mergedtipsheet,Merged tip sheet,merged_1,cy
mergedtipsheet,Merged tip sheet,merged_1,vu
mergedtipsheet,Merged tip sheet,merged_1,tr
mergedtipsheet,Merged tip sheet,merged_1,tg
mergedtipsheet,Merged tip sheet,merged_1,nyn
mergedtipsheet,Merged tip sheet,merged_1,pl
mergedtipsheet,Merged tip sheet,merged_1,ro
mergedtipsheet,Merged tip sheet,merged_1,ru
mergedtipsheet,Merged tip sheet,merged_1,ss
mergedtipsheet,Merged tip sheet,merged_1,sk
mergedtipsheet,Merged tip sheet,merged_1,sw-ke
mergedtipsheet,Merged tip sheet,merged_1,sv
mergedtipsheet,Merged tip sheet,merged_1,so
mergedtipsheet,Merged tip sheet,merged_1,de
mergedtipsheet,Merged tip sheet,merged_1,ar
mergedtipsheet,Merged tip sheet,merged_1,likhy
mergedtipsheet,Merged tip sheet,merged_1,hi
mergedtipsheet,Merged tip sheet,merged_1,mn
mergedtipsheet,Merged tip sheet,merged_1,am
mergedtipsheet,Merged tip sheet,merged_1,zh
mergedtipsheet,Merged tip sheet,merged_1,pt-br
mergedtipsheet,Merged tip sheet,merged_1,ch
mergedtipsheet,Merged tip sheet,merged_1,he
mergedtipsheet,Merged tip sheet,merged_1,maku
mergedtipsheet,Merged tip sheet,merged_1,nl
mergedtipsheet,Merged tip sheet,merged_1,fil
mergedtipsheet,Merged tip sheet,merged_1,fi
mergedtipsheet,Merged tip sheet,merged_1,khong
mergedtipsheet,Merged tip sheet,merged_1,luo
mergedtipsheet,Merged tip sheet,merged_1,da
mergedtipsheet,Merged tip sheet,merged_1,bg
mergedtipsheet,Merged tip sheet,merged_1,isl
mergedtipsheet,Merged tip sheet,merged_1,teo
mergedtipsheet,Merged tip sheet,merged_1,lit
mergedtipsheet,Merged tip sheet,merged_1,arm
mergedtipsheet,Merged tip sheet,merged_1,bn
mergedtipsheet,Merged tip sheet,merged_1,zh-hant
mergedtipsheet,Merged tip sheet,merged_1,hr
mergedtipsheet,Merged tip sheet,merged_1,fa
mergedtipsheet,Merged tip sheet,merged_1,kn
mergedtipsheet,Merged tip sheet,merged_1,km
mergedtipsheet,Merged tip sheet,merged_1,ko
mergedtipsheet,Merged tip sheet,merged_1,lhi
mergedtipsheet,Merged tip sheet,merged_1,mr
mergedtipsheet,Merged tip sheet,merged_1,cnr
mergedtipsheet,Merged tip sheet,merged_1,tly
mergedtipsheet,Merged tip sheet,merged_1,ta
mergedtipsheet,Merged tip sheet,merged_1,te
mergedtipsheet,Merged tip sheet,merged_1,th
mergedtipsheet,Merged tip sheet,merged_1,ur
mergedtipsheet,Merged tip sheet,merged_1,zu
mergedtipsheet,Merged tip sheet,merged_1,asm
mergedtipsheet,Merged tip sheet,merged_1,sin
mergedtipsheet,Merged tip sheet,merged_1,bur
mergedtipsheet,Merged tip sheet,merged_1,el
mergedtipsheet,Merged tip sheet,merged_1,ghe
mergedtipsheet,Merged tip sheet,merged_1,ga
mergedtipsheet,Merged tip sheet,merged_1,lemi
mergedtipsheet,Merged tip sheet,merged_1,lisu
mergedtipsheet,Merged tip sheet,merged_1,nep
mergedtipsheet,Merged tip sheet,merged_1,nag
mergedtipsheet,Merged tip sheet,merged_1,tpi
mergedtipsheet,Merged tip sheet,merged_1,ark
mergedtipsheet,Merged tip sheet,merged_1,bis
mergedtipsheet,Merged tip sheet,merged_1,sot
mergedtipsheet,Merged tip sheet,merged_1,bcl
mergedtipsheet,Merged tip sheet,merged_1,ha
mergedtipsheet,Merged tip sheet,merged_1,nso
mergedtipsheet,Merged tip sheet,merged_1,cho
mergedtipsheet,Merged tip sheet,merged_1,mon
mergedtipsheet,Merged tip sheet,merged_1,pnn
mergedtipsheet,Merged tip sheet,merged_1,flm
mergedtipsheet,Merged tip sheet,merged_1,gn
mergedtipsheet,Merged tip sheet,merged_1,lai
mergedtipsheet,Merged tip sheet,merged_1,hlt
mergedtipsheet,Merged tip sheet,merged_1,kh
mergedtipsheet,Merged tip sheet,merged_1,sak
mergedtipsheet,Merged tip sheet,merged_1,ky
mergedtipsheet,Merged tip sheet,merged_1,psk
mergedtipsheet,Merged tip sheet,merged_1,kjp
mergedtipsheet,Merged tip sheet,merged_1,tm
mergedtipsheet,Merged tip sheet,merged_1,ceb
mergedtipsheet,Merged tip sheet,merged_1,ilo
mergedtipsheet,Merged tip sheet,merged_1,twi
mergedtipsheet,Merged tip sheet,merged_1,war
mergedtipsheet,Merged tip sheet,merged_1,rom
audioplaytogether,One on One Time,1.m4a,en
audioplaytogether,Take a Pause,2.m4a,en
audioplaytogether,Quiet Eyes,3.m4a,en
audioplaytogether,Count to,4.m4a,en
audioplaytogether,Play With Your Baby, 5.m4a,en
audioplaytogether,Shakers,6.m4a,en
audioplaytogether,Funny Faces,7.m4a,en
audioplaytogether,The Sunls Coming ,8.m4a,en
audioplaytogether,Play With Your Child,9.m4a,en
audioplaytogether,Make Up A Story,10.m4a,en
audioplaytogether,Seelt Belt,11.m4a,en
audioplaytogether,Dance Party,12.m4a,en
audioplaytogether,Talk To Teens,13.m4a,en
audioplaytogether,Two Truths One Lie,14.m4a,en
audioplaytogether,Dream Travel,15.m4a,en
audioplaytogether,Get Active,16.m4a,en
audioplaytogether,Make House Work Fun,17.m4a,en
audioplaytogether,Do It Together,18.mp3,en
audioplaytogether,Wash Up Calm Down,20.mp3,en
audioplaytogether,Learn Through Play,21.m4a,en
audioplaytogether,Rain On TheMountain,22.m4a,en
audioplaytogether,Read Together,23.m4a,en
audioplaytogether,Cook Together,24.m4a,en
audioplaytogether,Praise Yourself,26.m4a,en
audioplaytogether,One Thing,27.m4a,en
audioplaytogether,Give Yoursel f AHug,28.m4a,en
audioplaytogether,Time For Yourself,29.m4a,e n
audiosharingiscaring,Talking about covid-19,1.m4a,en
audiosharingiscaring,When covid-19,2.m4a,en
audiosharingiscaring,Vision board,3.m4a,en
audiosharingiscaring,New challenge,4.m4a,en
audiosharingiscaring,Share Your Worries,5.m4a,en
audiosharingiscaring,Worry Dolls,6.m4a,en
audiosharingiscaring,Funny Faces,7.m4a,en
audiosharingiscaring,Dancing With Angels,8.m4a,en
audiosharingiscaring,Learn To Listen,9.m4a,en
audiosharingiscaring,Sipho Says,10.m4a,en
audiosharingiscaring,Blind Monster,11.m4a,en
audiosharingiscaring,Leading  The Blind,12.m4a,en
audiosharingiscaring,Who Has The Answers,13.m4a,en
audiosharingiscaring,Broken Telephone,14.m4a,en
audiosharingiscaring,Research Together,15.m4a,en
audiosharingiscaring,Two Truths One Lie,16.m4a,en
audiosharingiscaring,Healthy Fun,17.mp3,en
audiosharingiscaring,Make  A Handwashing Song,18.mp3,en
audiosharingiscaring,Play With Bubbles,19.mp3,en
audiosharingiscaring,Crazy Chicken,20.mp3,en
audiosharingiscaring,Take A Break,21.m4a,en
audiosharingiscaring,Take A Short Pause,22.m4a,en
audiosharingiscaring,Quiet Eyes,23.m4a,en
audiosharingiscaring,Give Yourself A Hug,24.m4a,en
audiokeepitpositive,Keep It Postive,1.m4a,en
audiokeepitpositive,One Thing,2.m4a,en
audiokeepitpositive,Surprise Notes,3.m4a,en
audiokeepitpositive,Yes Lets,4.m4a,en
audiokeepitpositive,Keep Calm,5.m4a,en
audiokeepitpositive,Stop And listen,6.m4a,en
audiokeepitpositive,Take A Short Pause,7.m4a,en
audiokeepitpositive,Pause Power,8.m4a,en
audiokeepitpositive,Get Real,9.mp3,en
audiokeepitpositive,Get Real-Let Your Child Decide,10.mp3,en
audiokeepitpositive,Get Real-Small Wins,11.mp3,en
audiokeepitpositive,Get Real-Five Minutes in Paradise,12.mp3,en
audiokeepitpositive,Praise Your Child,13.mp3,en
audiokeepitpositive,Praise Your Child-One Thing,14.mp3,en
audiokeepitpositive,Praise Your Child-Love Wall,15.mp3,en
audiokeepitpositive,Praise Your Child-Physical Affection,16.mp3,en
audiokeepitpositive,Teen Trouble,17.m4a,en
audiokeepitpositive,How Was Your Day,18.m4a,en
audiokeepitpositive,Rolling Connections,19.m4a,en
audiokeepitpositive,Cooking Together,20.m4a,en
audiokeepitpositive,From Negative To Positive,21.mp3,en
audiokeepitpositive,From Negative To Positive-No Yes But Yes And No,22.mp3,en
audiokeepitpositive,From Negative To Positive-I Bet You Can't,23.mp3,en
audiokeepitpositive,From Negative To Positive-Dance Party,24.mp3,en
audiokeepitpositive,Praise Yourself,25.mp3,en
audiokeepitpositive,Praise Yourself-Praise Yourself,26.mp3,en
audiokeepitpositive,Praise Yourself-One Thing,27.mp3,en
audiokeepitpositive,Praise Yourself-Give Yourself A Hug,28.mp3,en
