languageCode,languageName,tipSheetNumber,title
en,English,1,One on One Time
en,English,2,Keeping it Positive
en,English,3,Structure Up
en,English,4,When Children Misbehave...
en,English,5,Keep calm and managing stress
en,English,6,Talking about Covid-19
en,English,7,Keeping Children Safe Online
en,English,8,Family Budgeting In Times Of Financial Stress
en,English,9,Family Harmony At Home
en,English,10,Learning Through Play
en,English,11,When We Get Angry
en,English,12,Parenting In Crowded Homes And Communities
en,English,13,Tips For Children With Disabilities
en,English,14,Tips For Parenting Teens
en,English,15,Parenting A New Baby
